"Region";"Deutschland - Berufsuntergruppen";"Regionsschlüssel:";"d"
"Berichtsjahr";"2024"
"Engpassbewertung";"Engpassberufe (>=2,0)"
"Anforderungsniveau";"Fachkräfte"
"Bewertung/Basiswerte";"Bewertung"
""
"Hinweise:";"Arbeitslosigkeit und gemeldete Arbeitsstellen: Jahr 2024 (Jahresdurchschnittswerte), Beschäftigung: 30. Juni 2024, Entgelt: 31. Dezember 2023. Für die berufsspezifischen Arbeitslosenquoten liegen die Daten nur auf Ebene der Berufsgruppen (3-Steller der KldB 2010) in Kombination mit den Anforderungsniveaus vor. Für die Berufsgattungen (4-Steller + Anforderungsniveau) wird daher in der Engpassanalyse der Wert der jeweils übergeordneten Berufsgruppe und das jeweilige Anforderungsniveau herangezogen. "
""
"Kennziffer ";"Beruf ";"Gesamtbewertung ";"Vakanzzeit";"Arbeitsuchenden-Stellen-Relation";"Berufsspez. Arbeitslosenquote";"Veränd. Anteil sv-pfl. beschäftigter Ausländer";"Abgangsrate aus Arbeitslosigkeit";"Entwicklung mittlere Entgelte"
"8111";"Zahnmedizinische Fachangestellte";"2,8";"3";"3";"3";"2";"3";"3"
"2621";"Berufe in der Bauelektrik";"2,7";"3";"3";"3";"2";"3";"2"
"2923";"Berufe in der Fleischverarbeitung";"2,7";"3";"3";"3";"3";"1";"3"
"3223";"Berufe im Gleisbau";"2,7";"3";"3";"3";"3";"2";"2"
"3421";"Berufe Sanitär-, Heizungs-, Klimatechnik";"2,7";"3";"3";"3";"2";"3";"2"
"8252";"Berufe in der Augenoptik";"2,7";"3";"3";"3";"1";"3";"3"
"8253";"Berufe in der Hörgeräteakustik";"2,7";"3";"3";"3";"1";"3";"3"
"813x+821";"Pflegeberufe";"2,7";"3";"3";"3";"2";"3";"2"
"6322";"Berufe im Hotelservice";"2,6";"3";"1";"X";"3";"3";"3"
"2522";"Berufe i.d. Land-, Baumaschinentechnik";"2,5";"3";"3";"3";"1";"3";"2"
"2611";"Berufe in der Mechatronik";"2,5";"3";"3";"3";"1";"3";"2"
"2920";"Berufe i.d. Lebensmittelherstellung (oS)";"2,5";"3";"3";"3";"3";"2";"1"
"3220";"Berufe im Tiefbau (o.S.)";"2,5";"2";"3";"3";"3";"3";"1"
"3221";"Pflasterer/innen, Steinsetzer/innen";"2,5";"3";"2";"3";"3";"3";"1"
"3222";"Berufe im Straßen- und Asphaltbau";"2,5";"3";"3";"3";"2";"3";"1"
"3420";"Berufe in der Klempnerei (o.S.)";"2,5";"3";"3";"3";"1";"3";"2"
"3423";"Berufe in der Kältetechnik";"2,5";"3";"3";"3";"1";"3";"2"
"6232";"Berufe im Verkauf von Fleischwaren";"2,5";"3";"3";"3";"1";"2";"3"
"6330";"Berufe im Gastronomieservice (o.S.)";"2,5";"2";"2";"3";"3";"2";"3"
"7230";"Berufe in der Steuerberatung";"2,5";"3";"3";"3";"1";"3";"2"
"5212";"Berufskraftfahrer (Güterverkehr/LKW)";"2,4";"3";"1";"X";"3";"3";"2"
"5213";"Bus-, Straßenbahnfahrer/innen";"2,4";"3";"2";"X";"3";"2";"2"
"1110";"Berufe in der Landwirtschaft (o.S.)";"2,3";"2";"1";"3";"2";"3";"3"
"2211";"Berufe i.d.Reifen-, Vulkanisationstechnik";"2,3";"3";"2";"3";"3";"1";"2"
"2521";"Berufe in der Kraftfahrzeugtechnik";"2,3";"3";"3";"3";"2";"2";"1"
"2523";"Berufe in der Luft- und Raumfahrttechnik";"2,3";"3";"2";"3";"2";"2";"2"
"2612";"Berufe in der Automatisierungstechnik";"2,3";"3";"3";"3";"2";"2";"1"
"2626";"Berufe Leitungsinstallation,-wartung";"2,3";"1";"3";"3";"3";"3";"1"
"3224";"Berufe im Brunnenbau";"2,3";"3";"3";"X";"1";"X";"2"
"3225";"Berufe im Kanal- und Tunnelbau";"2,3";"3";"3";"3";"2";"2";"1"
"3432";"Berufe im Rohrleitungsbau";"2,3";"3";"3";"2";"3";"3";"0"
"5122";"Überwach., Wartung Eisenbahninfrastruktur";"2,3";"3";"3";"3";"1";"1";"3"
"5162";"Speditions- und Logistikkaufleute";"2,3";"3";"2";"3";"2";"2";"2"
"6231";"Berufe Verkauf Back-, Konditoreiwaren";"2,3";"3";"2";"3";"2";"1";"3"
"6242";"Berufe Verkauf Sanitäts-, Medizinbedarf";"2,3";"3";"3";"3";"1";"2";"2"
"6331";"Berufe in der Systemgastronomie";"2,3";"1";"3";"3";"3";"1";"3"
"7311";"Assistenz Rechtsanwaltskanzlei, Notariat";"2,3";"2";"3";"3";"1";"2";"3"
"8110";"Medizinische Fachangestellte (o.S.)";"2,3";"2";"2";"3";"1";"3";"3"
"8133";"Berufe operations-/med.-techn. Assistenz";"2,3";"3";"2";"3";"2";"3";"1"
"8251";"Berufe in der Orthopädie-, Rehatechnik";"2,3";"3";"3";"3";"1";"2";"2"
"8254";"Berufe in der Zahntechnik";"2,3";"3";"2";"3";"2";"2";"2"
"1121";"Berufe in der Nutztierhaltung";"2,2";"3";"2";"1";"3";"1";"3"
"2122";"Berufe in der Baustoffherstellung";"2,2";"3";"2";"3";"1";"3";"1"
"2210";"Kunststoff-, Kautschukherstellung (o.S.)";"2,2";"3";"2";"3";"2";"2";"1"
"2430";"Berufe Metalloberflächenbehandlung (o.S)";"2,2";"3";"2";"3";"2";"2";"1"
"2441";"Berufe im Metallbau";"2,2";"3";"3";"2";"1";"2";"2"
"2624";"Berufe i.d. regenerativen Energietechnik";"2,2";"3";"1";"3";"3";"3";"0"
"2625";"Berufe i.d. elektrischen Betriebstechnik";"2,2";"3";"3";"3";"1";"2";"1"
"2630";"Berufe in der Elektrotechnik (o.S.)";"2,2";"3";"2";"3";"1";"2";"2"
"2633";"Berufe Luftver., Schiff, Fahrzeugelektron.";"2,2";"3";"3";"3";"1";"2";"1"
"2922";"Berufe Back-, Konditoreiwarenherstell.";"2,2";"3";"2";"3";"0";"2";"3"
"2925";"Berufe in der Milchproduktherstellung";"2,2";"3";"0";"3";"2";"3";"2"
"3310";"Berufe in der Bodenverlegung (o.S.)";"2,2";"3";"2";"1";"3";"2";"2"
"5163";"Straßen- und Schienenverkehrskaufleute";"2,2";"3";"2";"3";"1";"2";"2"
"5334";"Berufe Desinfektion, Schädlingsbekämpfung";"2,2";"3";"3";"3";"1";"2";"1"
"5412";"Berufe in der Glas-, Fensterreinigung";"2,2";"3";"2";"0";"3";"2";"3"
"6222";"Berufe im Verkauf (Schmuck, Uhren)";"2,2";"3";"1";"3";"2";"1";"3"
"7213";"Versicherungskaufleute";"2,2";"3";"3";"3";"1";"2";"1"
"8114";"Tiermedizinische Fachangestellte";"2,2";"3";"0";"3";"1";"3";"3"
"8123";"Medizinisch-technische Berufe Radiologie";"2,2";"3";"2";"3";"1";"3";"1"
"8177";"Podologen/innen";"2,2";"3";"3";"2";"1";"2";"X"
"9354";"Berufe Schilder-, Lichtreklameherstellung";"2,2";"3";"3";"1";"2";"2";"2"
"1171";"Berufe in der Forstwirtschaft";"2,0";"3";"3";"3";"0";"3";"0"
"1210";"Berufe im Gartenbau (o.S.)";"2,0";"3";"3";"2";"1";"2";"1"
"1211";"Berufe im Obst-, Gemüsebau";"2,0";"1";"X";"2";"3";"2";"2"
"1214";"Berufe Garten-, Landschafts, Sportplatzbau";"2,0";"2";"3";"2";"0";"3";"2"
"2123";"Berufe in der Steinmetztechnik";"2,0";"3";"2";"3";"0";"3";"1"
"2220";"Berufe in der Farb-, Lacktechnik (o.S.)";"2,0";"3";"2";"1";"2";"2";"2"
"2423";"Berufe i.d. spanenden Metallbearbeitung";"2,0";"3";"2";"2";"1";"2";"2"
"2442";"Berufe i.d. Schweiß-, Verbindungstechnik";"2,0";"3";"0";"2";"3";"2";"2"
"2513";"Tech.ServicekräfteWartung, Instandhaltung";"2,0";"3";"3";"1";"1";"2";"2"
"2622";"Berufe in der Elektromaschinentechnik";"2,0";"3";"3";"3";"1";"1";"1"
"2930";"Köche/Köchinnen (o.S.)";"2,0";"3";"1";"0";"3";"2";"3"
"3214";"Berufe in der Dachdeckerei";"2,0";"3";"3";"1";"1";"3";"1"
"3216";"Berufe im Gerüstbau";"2,0";"3";"2";"1";"3";"2";"1"
"3331";"Berufe in der Isolierung";"2,0";"3";"2";"1";"3";"1";"2"
"3332";"Berufe in der Zimmerei";"2,0";"3";"3";"1";"1";"3";"1"
"3334";"Berufe in der Glaserei";"2,0";"3";"2";"1";"2";"2";"2"
"3335";"Berufe im Rollladen- und Jalousiebau";"2,0";"3";"3";"1";"1";"2";"2"
"3434";"Berufe Anlagen-, Behälter-, Apparatebau";"2,0";"3";"2";"2";"2";"2";"1"
"4143";"Berufe in der Baustoffprüfung";"2,0";"3";"3";"2";"1";"2";"1"
"5242";"Schiffsführer Binnen-, Hafenverkehr";"2,0";"3";"X";"X";"0";"3";"2"
"6223";"Berufe im Verkauf (Büro, Geschenk, Spiel)";"2,0";"2";"X";"3";"1";"1";"3"
"6224";"Berufe im Verkauf (Elektro, Haushaltsw.)";"2,0";"3";"1";"3";"1";"1";"3"
"6227";"Berufe im Verkauf (KFZ, Zweirad, Zubehör)";"2,0";"3";"2";"3";"1";"2";"1"
"6228";"Berufe im Verkauf (ssT)";"2,0";"3";"1";"3";"1";"1";"3"
"6230";"Berufe im Verkauf von Lebensmitteln (oS)";"2,0";"3";"2";"3";"1";"1";"2"
"6238";"Berufe Verkauf von Lebensmitteln (s.s.T)";"2,0";"3";"2";"3";"1";"1";"2"
"7325";"Berufe in der Justizverwaltung";"2,0";"1";"3";"3";"1";"2";"2"
"8134";"Berufe im Rettungsdienst";"2,0";"3";"2";"3";"0";"3";"1"
"8176";"Berufe i.d. Diät- und Ernährungstherapie";"2,0";"2";"2";"2";"1";"3";"2"
""
"Exportdatum: ";"29.03.2026";"20:52:58"
"© Statistik der Bundesagentur für Arbeit"
"Die Produkte unterliegen dem Urheberrecht (siehe Impressum: https://statistik.arbeitsagentur.de/DE/Home/Service/Impressum/impressum_node.html). Daten und Tabellen dürfen uneingeschränkt verwendet werden. Informationen dürfen (auch auszugsweise) gespeichert und mit Quellenangabe weitergegeben, vervielfältigt und verbreitet werden. Die Inhalte dürfen nicht verändert oder verfälscht werden. Eigene Berechnungen sind erlaubt, jedoch als solche kenntlich zu machen. Im Fall einer Veröffentlichung im Internet soll dies mit einer Verlinkung auf die Homepage der Statistik der Bundesagentur für Arbeit (https://statistik.arbeitsagentur.de/) erfolgen."
